Name,Category,Shelf,Copies,Note
The Nineteen Letters,Hashkafa,1,2,
Jew Got Questions?,Hashkafa,1,,
The Foundation Of Judaism,Hashkafa,1,,
No Atheists In A Foxhole,Hashkafa,1,,
Step By Step In The Jewish Religion,Hashkafa,1,,
The Nine Questians People Ask About Judaism,Hashkafa,1,2,
The Y Factor,Hashkafa,1,,
What's The Purpose,Hashkafa,1,2,
L'Hovin Ul'Haskil,Hashkafa,1,2,
Fundamentals Of Judaism,Hashkafa,1,,
The Eye Of A Needle,Hashkafa,1,2,
Why,Hashkafa,1,,
Jewish Faith In Our Time,Hashkafa,1,,
Think Jewish,Hashkafa,1,,
Permission To Believe,Hashkafa,1,,
Handbook Of Jewish Thought,Hashkafa,1,2,
Understanding Judaism,Hashkafa,1,2,
The Chosen Road,Hashkafa,1,,
The Hidden Face Of God,Hashkafa,1,,
Why Be Jewish?,Hashkafa,1,,
Choose Life!,Hashkafa,1,,
We're Missing The Point,Hashkafa,1,,
Israel: The Christian Dilemma,Hashkafa,1,,
The Thirteen Petalled Rose,Hashkafa,1,,
The Modern Jew Faces Eternal Problems,Hashkafa,1,,
Contemporary Judaism's Response To Modernity,Hashkafa,1,,
In The Beginning,Hashkafa,1,,
Something From Nothing,Hashkafa,1,,
Israeli Judaism,Hashkafa,1,,
The Universal Jew,Hashkafa,1,,
Judaism A Way Of Being,Hashkafa,1,,
Torah - The Oral Tradition,Hashkafa,2,,
Proselytism In The Talmudic Period,Hashkafa,2,,
The Dynamics Of Dispute,Hashkafa,2,,
The Oral Law,Hashkafa,2,2,
The Essential Talmud,Hashkafa,2,,
Lagacy Of Sinai,Hashkafa,2,2,
Be'Er Hagolah,Hashkafa,2,,
Morality Halachah And The Jewish Tradition,Hashkafa,2,,
A Treasury Of Tradition,Hashkafa,2,,
Not In Heaven,Hashkafa,2,,
The God Idea In Jewish Tradition,Hashkafa,2,,
With Perfect Faith,Hashkafa,2,,
Challenge Of Sinai,Hashkafa,2,,
Anvil Of Sinai,Hashkafa,2,,
The Mitzvot,Hashkafa,2,,
The Jewish Mind,Hashkafa,2,2,
Listen To Your Messages,Hashkafa,3,,
Rabbi Yissocher Frand In Print,Hashkafa,3,2,
It's Never Too Little It's Never Too Late It's Never Enough,Hashkafa,3,,
The Aryeh Kaplan Reader,Hashkafa,3,2,
The Aryeh Kaplan Anthology II,Hashkafa,3,,
The Aryeh Kaplan Anthology I,Hashkafa,3,2,
From A Pure Fire,Hashkafa,3,,
Torah Perspectives,Hashkafa,3,,
As Heard From Rabbi Wagschal,Hashkafa,3,,
On The Air With Rav Shlomo Aviner,Hashkafa,3,,
Rabbi Freifeld Speaks,Hashkafa,3,2,
Rav Shach Speaks,Hashkafa,3,,
Rav Simchah Speaks,Hashkafa,3,2,
Rabbi Avigdor Miller Speaks,Hashkafa,3,,
Reb Michel's Shmussen,Hashkafa,3,,
"Sing, Your Righteous",Hashkafa,3,,
Torah Nation,Hashkafa,3,,
Behold A People,Hashkafa,3,2,
Exalted People,Hashkafa,3,,
a beacon Of Light,Hashkafa,3,,
The Bahir,Hashkafa,3,,
Man Of Halacha Man Of Faith,Hashkafa,3,,
The Lonely Man Of Faith,Hashkafa,4,2,
מפניני הרב,Hashkafa,4,,
נפש הרב,Hashkafa,4,,
Fate and Destiny,Hashkafa,4,,
Out of The Whirlwind,Hashkafa,4,,
Derashot Harav,Hashkafa,4,,
The Rav Speaks,Hashkafa,4,,
Reflections Of The Rav,Hashkafa,4,,
On Repentance,Hashkafa,4,,
Torat Eretz Yisrael,Hashkafa,4,2,
The Art Of Tshuvah,Hashkafa,4,,
Rabbi Kook's Philosophy On Repentance,Hashkafa,4,,
lights of return,Hashkafa,4,2,
Judaism Eternal,Hashkafa,4,,
Torah im Derech Eretz,Hashkafa,4,,
Collected Writings Of Rabbi Samson Raphael Hirsch,Hashkafa,4,,
Worldmask,Hashkafa,5,,
Mind Body And Judaism,Hashkafa,5,,
Coming Full Circle,Hashkafa,5,,
Together Again,Hashkafa,5,,
A Happier You,Hashkafa,5,,
My Father My King,Hashkafa,5,,
What The Angel Taught You,Hashkafa,5,,
Give Peace A Stance,Hashkafa,5,,
GPS! Navigation For Your Soul,Hashkafa,5,,
Depth Of Judgment,Hashkafa,5,2,
Getting To Know Yourself,Hashkafa,5,,
Let Us Make Man,Hashkafa,5,,
Plights And Perseverance,Hashkafa,5,,
Career Of Happiness,Hashkafa,5,,
Endless Light,Hashkafa,5,,
Illness And Crisis,Hashkafa,5,,
Simcha - The Spark Of Life,Hashkafa,5,,
Gateway To Happiness,Hashkafa,5,2,
Love Your Neighbor,Hashkafa,5,2,
Gateway To Self Knowledge,Hashkafa,5,,
The Crown Of Wisdom,Hashkafa,5,,
Making Sense Of Suffering,Hashkafa,5,,
The Blessing Of A Broken Heart,Hashkafa,5,,
Building A Sanctuary In The Heart,Hashkafa,5,,
Learning To Grow,Hashkafa,6,,
Simcha - It's Not Just happiness,Hashkafa,6,,
An Offer You Can't Refuse,Hashkafa,6,,
Twersky On Spirituality,Hashkafa,6,,
Joyous Torah Treasures,Hashkafa,6,,
Candle-Light,Hashkafa,6,,
Jewish Woman Speak About Jewish Matters,Hashkafa,6,,
Faith & Folly,Hashkafa,6,2,
Templates for the Ages,Hashkafa,6,,
Chesed Gevurah Emet,Hashkafa,6,,
Family Redeemed,Hashkafa,6,,
The Tzedakah Treasuesy,Hashkafa,6,,
The Fifth Commandment,Hashkafa,6,,
Tefillin,Hashkafa,6,,
IF You Were God,Hashkafa,6,,
Tzitzith,Hashkafa,6,,
Torah Mysteries Illuminated,Hashkafa,6,2,
To Touch The Devine,Hashkafa,6,,
The Juggler And The King,Hashkafa,6,,
Pathways Of Peace,Hashkafa,6,,
A Treasury Of Aggados On Torah,Hashkafa,6,2,
Mashiach,Hashkafa,6,,
Nesivos Shalim: Nesivei Chinuch,Hashkafa,6,,
Reaching For The Stars,Hashkafa,6,,
עת לעשות לה',Hashkafa,6,,
The Ben Torah And His World,Hashkafa,6,,
Devine Providence,Hashkafa,6,,
Secrets Of The Soul,Hashkafa,7,2,
Avodas HaKorbanos,Hashkafa,7,,
The Korban Mincha,Hashkafa,7,,
1 Minute Messeges,Hashkafa,7,,
Words Of Torah,Hashkafa,7,,
רחם החסדך,Hashkafa,7,,
Aseres HaDibros,Hashkafa,7,,
Kisvei HaRambam,Hashkafa,7,,
Sason VeSimcha,Hashkafa,7,,
Second Thoughts,Hashkafa,7,2,
With Hearts Full Of Faith,Hashkafa,7,,
A Future And A Hope,Hashkafa,7,,
Vintage Wein,Hashkafa,7,,
Awarness,Hashkafa,7,,
Ressisting THe Storm,History/Holocaust,8,,
To Fathom Darkness,History/Holocaust,8,,
Kiddush Hashem,History/Holocaust,8,,
Heroic Children,History/Holocaust,8,,
Destined to Survive,History/Holocaust,8,,
City on Fire,History/Holocaust,8,,
Faith After The Holocaust,History/Holocaust,8,,
The Triumph Of Faith,History/Holocaust,8,,
Your Rod And Your Staff,History/Holocaust,8,2,
Heroine Of Rescue,History/Holocaust,8,,
Childe Of War,History/Holocaust,8,,
The Holocaust And Halacha,History/Holocaust,8,2,
With God In Hell,History/Holocaust,8,,
From Dusk To Dawn,History/Holocaust,8,,
Responsa From The Holocaust,History/Holocaust,8,,
Out Of The Depths,History/Holocaust,8,,
Triumph Of Survival,History/Holocaust,9,2,
Herald Of Destiny,History/Holocaust,9,2,
Faith & Fait,History/Holocaust,9,,
Echoes Of Glory,History/Holocaust,9,2,
Shema Yisrael,History/Holocaust,9,,
Exile And Redemption,History/Holocaust,9,,
The Rishonim,History/Holocaust,9,2,
Forever My Jerusalem,History/Holocaust,9,,
Grains Of Sand,History/Holocaust,9,,
Tradition And Crisis,History/Holocaust,9,,
The Travels of Rabbi Eliezer Ashkenazi,History/Holocaust,9,,
Rav Scheinberg,Stories/Biographies,10,,
Maran HaRav Ovadia,Stories/Biographies,10,,
Our Man in Jerusalem,Stories/Biographies,10,,
Rampant Of Fire,Stories/Biographies,10,,
An Anger Among Men,Stories/Biographies,10,,
Reb Yaakov,Stories/Biographies,10,2,
Guardian Of Jerusalem,Stories/Biographies,10,,
For The Love Of Torah,Stories/Biographies,10,,
Rav Pam,Stories/Biographies,10,,
The Klausenberger Rebbe - The War Years,Stories/Biographies,10,,
Looking into the Sun,Stories/Biographies,10,,
Learning to Live,Stories/Biographies,10,,
Rav Gifter,Stories/Biographies,10,,
Reb Dovid,Stories/Biographies,10,,
The Story of Rav Nosson Tzvi,Stories/Biographies,10,,
Rav Chaim,Stories/Biographies,10,,
"The Klausenberger Rebbe, Combined Edition",Stories/Biographies,10,,
The Ribnitzer,Stories/Biographies,10,,
The Stiepler,Stories/Biographies,10,,
Reb Elya,Stories/Biographies,10,,
The Chazon Ish,Stories/Biographies,10,,
The Life Of Rav Shimshon Dovid Pincus,Stories/Biographies,11,,
The Fire Of Torah,Stories/Biographies,11,,
Rav Moshe Shapiro,Stories/Biographies,11,,
The Vilna Gaon,Stories/Biographies,11,,
The Mashgiach Of Kamenitz,Stories/Biographies,11,,
The Manchester Rosh Yeshivah,Stories/Biographies,11,,
Reb Moshe,Stories/Biographies,11,,
All For The Boss,Stories/Biographies,11,,
Man Of Truth And Peace,Stories/Biographies,11,2,
The Maharal,Stories/Biographies,11,,
The Life And Time Of Reb Rephoel Soloveitchik Of Brisk,Stories/Biographies,11,,
The Maggid Of Dubno,Stories/Biographies,11,2,
Rebbes Of Ger,Stories/Biographies,11,,
A Tzadik In our Times,Stories/Biographies,11,2,
Rabbi Menachem Mendel Of Kotzk,Stories/Biographies,11,,
Rabbi Moshe Chaim Luzzato,Stories/Biographies,11,,
The Story of Rav Nosson Tzvi,Stories/Biographies,11,,
Reb Elchonon,Stories/Biographies,11,2,
The story Of Reb Moshe,Stories/Biographies,11,,
The Story Of The Chofetz Chaim,Stories/Biographies,11,,
Rashi: The Man And His World,Stories/Biographies,11,,
The Heart of a Nation,Stories/Biographies,11,,
Chassidic Journey,Stories/Biographies,12,,
Inside Their Homes,Stories/Biographies,12,,
The Golden Dynasty,Stories/Biographies,12,,
The Torah Profile,Stories/Biographies,12,,
Encounters With Greatness,Stories/Biographies,12,,
At His Rebbi's Side,Stories/Biographies,12,,
An Intimate Look at Greatness,Stories/Biographies,12,,
Lubavitcher Rabbi's Memoirs,Stories/Biographies,12,,
Builders,Stories/Biographies,12,,
They Called Him Mike,Stories/Biographies,12,,
Cheryl,Stories/Biographies,12,,
Lieutenant Birenbaum,Stories/Biographies,12,,
Just 1 Jew,Stories/Biographies,12,2,
Incredible!,Stories/Biographies,12,,
The Insider,Stories/Biographies,12,,
Incredible! 2,Stories/Biographies,12,,
בהיכלם,Stories/Biographies,12,,
Class Acts,Stories/Biographies,13,,
Mountain Climbers,Stories/Biographies,13,,
I Have An Amazing Story For You,Stories/Biographies,13,,
It Could Have Been You,Stories/Biographies,13,,
The Hessed Boomaerang,Stories/Biographies,13,,
From My Fathers Shabbos Table,Stories/Biographies,13,,
Give Us Life,Stories/Biographies,13,,
Lamed Vav,Stories/Biographies,13,,
Golden Apples,Stories/Biographies,13,,
Jewish Stories One Generation Tells Another,Stories/Biographies,13,,
Above The Bottom Line,Stories/Biographies,13,2,
Echoes of The Maggid,Stories/Biographies,13,,
Sunset,Stories/Biographies,13,,
It's a Small World After All,Stories/Biographies,13,2,
Serenade The King,Stories/Biographies,13,,
The Maggid Speaks,Stories/Biographies,13,,
Holiday Tales For The Soul,Stories/Biographies,13,,
Shining Lights,Stories/Biographies,13,,
In An Unrelated Story...,Stories/Biographies,13,,
Perspectives of the Maggid,Stories/Biographies,13,,
Along THe Maggid's Journey,Stories/Biographies,13,2,
From My Fathers Table,Stories/Biographies,13,,
I Have An Amazing Story For You 2,Stories/Biographies,13,,
I Have An Amazing Story For You 4,Stories/Biographies,13,,
Touched By A Story 2,Stories/Biographies,14,,
Touched By A Prayer,Stories/Biographies,14,,
Touched By A Story 4,Stories/Biographies,14,,
Touched By A Prayer 2,Stories/Biographies,14,,
Touched By A Story 3,Stories/Biographies,14,,
1 Small Deed Can Change The World,Stories/Biographies,14,,
Touched By Their Spirit,Stories/Biographies,14,,
Angels In Orange,Stories/Biographies,14,,
90 Seconds,Stories/Biographies,14,,
More Tales For The Soul,Stories/Biographies,14,,
Vistas Of Challenge,Stories/Biographies,14,,
Once Upon A Soul,Stories/Biographies,14,,
Courtrooms Of The Mind,Stories/Biographies,14,2,
"Miracles, Missiles, And Mesiras Nefesh",Stories/Biographies,14,,
Touched By The Parasha,Stories/Biographies,14,,
Echoes,Stories/Biographies,14,,
Too Beautiful,Stories/Biographies,14,,
Gates Of prayer,Tefilah,16,,
Birkat Hamazon Bechavana,Tefilah,16,,
Shemoneh Esrei,Tefilah,16,2,
Praying with Joy 5,Tefilah,16,,
Twersky On Prayer,Tefilah,16,,
Touched By His Blessing,Tefilah,16,,
Rav Chaim Kanievsky on Siddur,Tefilah,16,,
Praying With Fire,Tefilah,16,,
Praying With Fire For Teens,Tefilah,16,,
Twersky On Machzor,Tefilah,16,,
Praying With Fire 2,Tefilah,16,,
A Treasury Of Succos Prayers,Tefilah,16,,
Shema Yisrael,Tefilah,16,2,
Tashlich,Tefilah,16,,
Bircas Hmazon,Tefilah,16,,
Rav Schwab on Prayer,Tefilah,17,,
Rinas Chaim,Tefilah,17,,
Viduy,Tefilah,17,,
The Commentators' Siddur,Tefilah,17,,
Pathway To Prayer,Tefilah,17,,
Illuminating Our Day,Tefilah,17,2,
The Art Of Jewish Prayer,Tefilah,17,,
Worship Of The Heart,Tefilah,17,,
Know Before Whom You Stand,Tefilah,17,,
My Prayer,Tefilah,17,,
Talelei Oros Tfilah 1,Tefilah,17,,
Talelei Oros Tfilah 2,Tefilah,17,,
Talks On Jewish Prayer,Tefilah,17,,
Stairway To Heaven,Tefilah,17,,
The World Of Prayer,Tefilah,17,2,
Just One Word,Tefilah,17,,
On Wings Of Prayer,Tefilah,17,,
Shemoneh Esrei,Tefilah,17,,
Meditations On The Siddur,Tefilah,17,,
Pathway To Prayer Yomim Noraim,Tefilah,17,,
The Art Of Tefilah,Tefilah,17,,
Rav Pam On Pirkei Avos,Mussar,18,,
Rav Asher Weiss on Avos,Mussar,18,,
The Pirkei Avos Treasury,Mussar,18,,
The True Power of Speech,Mussar,18,,
Positive Word Power,Mussar,18,,
Positive Word Power For Teens,Mussar,18,,
The Concise Chofetz Chaim,Mussar,18,3,
Master Your Words Master Your Life,Mussar,18,2,
40 Day of Caring,Mussar,18,,
Chofetz Chaim A Lesson A Day,Mussar,18,,
Chofetz Chaim A Daily Companion,Mussar,18,2,
The Gift Of Speach,Mussar,18,,
The Blueprint Of Creation,Mussar,19,,
Duties Of The Heart - Gate Of Trust,Mussar,19,,
Sichos Mussar,Mussar,19,,
The 6 Constant mitzvot,Mussar,19,,
Constants 6 Mitzvos You Can Allways Do,Mussar,19,,
"Orchos Tzaddikim, Treasure for Life",Mussar,19,,
A Life Of Bitachon,Mussar,19,,
Tomer Devorah Chapter 1,Mussar,19,,
Constnat Connection,Mussar,19,,
Everyday Holiness,Mussar,19,,
Building Foundations For Life,Mussar,19,,
Sefer Zos Brisi,Mussar,19,,
Positive Vision,Mussar,19,,
A Daily Dose Of Bitachon,Mussar,19,,
Living Emunah 1-7,Mussar,19,,
Iggeres Ha Gra,Mussar,19,,
Olam HaAvoda,Mussar,19,,
Olam HaMiddos,Mussar,19,,
Yeshiva Shovavim,Mussar,19,,
The Battle Of Our Generation,Mussar,19,2,
Keeping Holy,Mussar,19,2,
A Question Of Redemption,Erezt Yisroel,20,2,
Land Of Our Heritage,Erezt Yisroel,20,2,
Eim Habanim Semeichah,Erezt Yisroel,20,2,
The Essential Eim Habanim Semeichah,Erezt Yisroel,20,2,
The Jewish State,Erezt Yisroel,20,2,
Jerusalem The Eye Of The Univers,Erezt Yisroel,20,,
To Dwell In The Palace,Erezt Yisroel,20,,
Lights On Orot,Erezt Yisroel,20,3,
Judaism In A Nutshell - Israel,Erezt Yisroel,20,,
Zionism Today,Erezt Yisroel,20,2,
Praying For The Defenders Of Our Destiny,Erezt Yisroel,20,,
Our Challenge,Erezt Yisroel,20,,
"Moadei Hashanah, Elul Rosh- Hashanah",Moadim,23,2,
Talelei Oros Megilas Ester,Moadim,23,,
Thoughts For Rosh Hashanah,Moadim,23,,
High Holiday Bible Themes,Moadim,23,,
The Palace Gates,Moadim,23,2,
Days Of Awe,Moadim,23,,
Days Of Joy,Moadim,23,,
Why We Rejoice,Moadim,23,2,
A Treasury Of Chassidic Tales On The Festivals,Moadim,23,,
Talelei Oros Sukkos,Moadim,23,,
Table Talk,Moadim,23,,
Passover,Moadim,23,,
Let My Nation Go,Moadim,23,,
Let My Nation Descend,Moadim,23,,
Nesivos Shalom Purim,Moadim,23,,
"Moadei Hashanah, Yom Kippur",Moadim,23,,
Rabbi Soloveithik On The Days Of Awe,Moadim,24,,
"In Those Days, At This Time",Moadim,24,,
Celebration Of The Soul,Moadim,24,,
Rav Asher Weiss – Bein Ha’metzarim,Moadim,24,,
Rav Asher Weiss Pesach Shavuos,Moadim,24,,
Moadim Perspectives: Yamim Noraim-Sukkos,Moadim,24,,
"Moadim Perspectives, Sefiras Haomer-Fast Days",Moadim,24,,
Gedolei Yisrael - Around The Year,Moadim,24,,
Rav Asher Weiss Elul and Tishrei,Moadim,24,,
Living Lulav,Moadim,24,,
What If? Yamim Tovim,Moadim,24,,
Ruach Shlomo The Jewish Festivals 2,Moadim,24,,
Yom Tov Shiurim,Moadim,24,,
Chanukah In A New Light,Moadim,24,,
Purim In a New Light,Moadim,24,,
Around The Year With Reb Meilech,Moadim,24,,
Ruach Shlomo The Jewish Festivals 1,Moadim,24,,
The Haggadah For Pesah,Moadim,25,3,
The Torah Anthology Passover Haggadah,Moadim,25,,
The Midrash shmuel Haggadah,Moadim,25,,
Through THe Ages,Moadim,25,,
The Commentators' Haggadah,Moadim,25,,
The Seder Night With The Rambam,Moadim,25,2,
Vision Of Freedom,Moadim,25,,
The Hegypnei Halachah Haggadah,Moadim,25,,
The Passover Haggadah (Rabbi Riskin),Moadim,25,,
הגדת גדולי תנועת המוסר,Moadim,25,,
The Commentators' Seder,Moadim,25,,
Rav Pam On Chumash,Shabbos/Parasha,26,,
Rabbi Frand On the parasha 1-3,Shabbos/Parasha,26,,
Shabbos With Rav Pam,Shabbos/Parasha,26,,
Rav Pam On The Haftarot,Shabbos/Parasha,26,,
Rav Yaakov Bender On Chumash 1-2,Shabbos/Parasha,26,,
Rav Asher Weiss On The Parasha 1-2,Shabbos/Parasha,26,,
Achas Shaalti 1-3,Shabbos/Parasha,26,,
"What If 2,3,5",Shabbos/Parasha,26,,
Wisdom for Living,Shabbos/Parasha,26,,
Aleinu Leshabei'ach,Shabbos/Parasha,26,,
Touched By The Parasha,Shabbos/Parasha,27,,
Shabbos Stories,Shabbos/Parasha,27,,
More Shabbos Stories,Shabbos/Parasha,27,,
Ruach Shlomo Bereishis,Shabbos/Parasha,27,,
Timely Torah Twinkles,Shabbos/Parasha,27,,
Majesty Of Man,Shabbos/Parasha,27,2,
One Step Closer,Shabbos/Parasha,27,2,
Talelei Oros Berishis,Shabbos/Parasha,27,,
The Power Of A Vort,Shabbos/Parasha,27,,
Living The Parasha,Shabbos/Parasha,27,,
Tell It From The Torah,Shabbos/Parasha,27,,
Shabbos Perspectives,Shabbos/Parasha,27,,
Countdown To Shabbos,Shabbos/Parasha,27,,
The Sabbath,Shabbos/Parasha,27,,
Embrace Shabbos,Shabbos/Parasha,27,,
Living Shabbos,Shabbos/Parasha,27,,
Sefer Ohr HaShabbos,Shabbos/Parasha,27,,
The Gift Of Shabbos,Shabbos/Parasha,27,,
Sabbath Shiurim,Shabbos/Parasha,27,,
Table Talk,Shabbos/Parasha,27,,
Outlooks And Insights,Shabbos/Parasha,27,,
Studies In Shemot,"תנ""ך",28,2,
Studies In bereshit,"תנ""ך",28,,
The Midrash Says,"תנ""ך",28,,
A Nation Is Born,"תנ""ך",28,,
Torah Insights,"תנ""ך",28,,
Lilmode U'LeLamed,"תנ""ך",28,2,
A Midrash And A Ma'Aseh,"תנ""ך",28,,
The Torah Anthology Berieshis - Shemot,"תנ""ך",30,,
From Within The Tent: The Haftarot,"תנ""ך",30,,
Insights In The Torah Bereishis,"תנ""ך",30,,
Expoloration,"תנ""ך",30,,
The malbim Esther,"תנ""ך",30,,
The Living Torah,"תנ""ך",30,2,
The Dawn,"תנ""ך",31,,
Growth Through Tehillim,"תנ""ך",31,,
Psalms That Speak to You,"תנ""ך",31,,
The Touch Of Tehilim,"תנ""ך",31,,
Lessons In Tanya,Chasidus,44,,
My Encounter With The Rebbi,Chasidus,44,,
Oneness In Creation,Chasidus,44,,
Proceeding Together,Chasidus,44,,
Nurturing Faith,Chasidus,44,,
To Heal The Soul,Chasidus,45,,
Prayers From The Heart's Strings,Chasidus,45,,
Likutey Moharan 1-11,Chasidus,45,,
The Story Of Our Lives,Chasidus,45,,
Rebbe Nchmans Wisdom,Chasidus,45,,
Crossing The Naroow Bridg,Chasidus,45,,
The Hasidic Anthology,Chasidus,45,,
Tales Of The Hasidim,Chasidus,45,,
A Students Obligation,Chasidus,45,,
Shem MiShmuel,Chasidus,45,,
Living The Chassidic Legacy 1-2,Chasidus,45,,
Through The Eyes Of A Woman,Chasidus,45,,
Sipurei Ma'Asiyot,Chasidus,46,,
Chaye Moharan,Chasidus,46,,
Hishtapchut Hanefesh,Chasidus,46,,
Likutey Halachot (8 vol),Chasidus,46,,
Likutey Tefilot 1-2,Chasidus,46,,
Sefer HaMidot,Chasidus,46,,
The Monthly Halachah Discussion,Halachah,50,,
The Weekly Halacha Discussions 1-2,Halachah,50,2,
Da'at V'din,Halachah,50,2,
Eilu V'eilu,Halachah,50,,
Halichot V'halachot,Halachah,50,,
Ramat Hadhulchan,Halachah,50,,
"Shu""t Hashulchani",Halachah,50,,
"Gray Matter 1,3",Halachah,50,,
Mishna Brura 1A,Halachah,51,,
Mishna Brura 1B,Halachah,51,,
Mishna Brura 1C,Halachah,51,,
Mishna Brura 1D,Halachah,51,,
Mishna Brura 2A,Halachah,51,,
Mishna Brura 2A,Halachah,51,,
Mishna Brura 2B,Halachah,51,,
Mishna Brura 2C,Halachah,51,,
Mishna Brura 2C,Halachah,51,,
Mishna Brura 3A,Halachah,51,,
Mishna Brura 3A,Halachah,51,,
Mishna Brura 3C,Halachah,51,,
Mishna Brura 4A,Halachah,51,,
Mishna Brura 4B,Halachah,51,,
Mishna Brura 5A,Halachah,51,,
Mishna Brura 5B,Halachah,51,,
Mishna Brura 5C,Halachah,51,,
Mishna Brura 6A,Halachah,51,,
Mishna Brura 6B,Halachah,51,,
Mishna Brura 6C,Halachah,51,,
Mishna Brura 3C,Halachah,52,,
Mishna Brura 5C,Halachah,52,,
Mishna Brura 3A,Halachah,52,,
Israel: The Christioan Dillema,Halachah,52,Many,
Kitzur Shulchan Aruch (Metzudah),Halachah,52,3,
Shemirat Shabbath 1-2,Halachah,53,3,
The 39 Melochos (only 2-4),Halachah,53,,
Menuchah V'Simachah,Halachah,53,,
The Halachos Of Muktza,Halachah,53,,
Shabbos in the Kitchen - Q&A,Halachah,53,,
The Laws of Shabbat 1-2,Halachah,53,,
Meoros Hashabbos,Halachah,53,2,
Illustrated Guide to Shabbos,Halachah,53,,
Commerce and Shabbos,Halachah,53,,
The Aura Of Shabbos,Halachah,53,,
Sfirat HaOmer,Halachah,54,,
A Digest Of Holiday Laws,Halachah,54,,
The Four Minim,Halachah,54,,
The Laws Of Yom Tov,Halachah,54,2,
The Festivals In Halachah 1-3,Halachah,54,2,
Peninei Halakah Laws Of The Festivals,Halachah,54,,
Peninei Halakah Zemanim,Halachah,54,,
The Laws Of Pesach,Halachah,54,,
Guidlines - Chanukah,Halachah,54,2,
Halachos Of Pesach 1-2,Halachah,54,,
A Summary Of Halachos Of Pesach,Halachah,54,,
Pocket Halacha: Halachos of Sitting in the Succah,Halachah,54,,
Chol HaMoed,Halachah,54,2,
What Is The Reason - Pesach,Halachah,54,,
Pesach,Halachah,54,,
The Lulav And Esrog Handbook,Halachah,54,,
Halachos of Chanukah,Halachah,54,,
Guidlines - Yamim Noraim,Halachah,54,,
Bircas HaChammah,Halachah,54,,
Yom Kippur Reader,Halachah,54,,
Rosh Hashanah Yom Kippur Survival Kit,Halachah,54,,
Rosh Hashanah,Halachah,54,,
Kosher Money,Halachah,55,2,
ספר ותן ברכה,Halachah,55,2,
Rite And Reason,Halachah,55,,
Popular Halachah,Halachah,55,,
The Making Of A Minhag,Halachah,55,,
Laws Of Daily Living,Halachah,55,,
The Laws Of Yichud,Halachah,55,,
The Making Of A Mentch,Halachah,55,,
Keeping Kosher In The Kitchen,Halachah,55,,
Halachos of Brochos for All Seasons,Halachah,55,,
Peninei Halachah Laws Of Prayer,Halachah,55,,
Halachos Of Children And Chinuch Habanim,Halachah,55,,
Mourning In Halachah,Halachah,55,,
Women And The Jewish Devorce,Halachah,55,,
The Jewish Way In Dead And Mourning,Halachah,55,,
Mourning And Remembrance,Halachah,55,,
Business Halachah,Halachah,55,,
Torah Guid For The Businessman,Halachah,55,,
Shemittah And Yobel,Halachah,55,2,
Understanding Shemittoh,Halachah,55,,
The Laws Of Kashrus,Halachah,55,,
Hilchot Kashrut,Halachah,55,2,
The Dateline In Halachah,Halachah,56,,
Cases In Monetary Halachah,Halachah,56,,
Crossroads,Halachah,56,2,
Contemporary Halachic Problems (vol 2),Halachah,56,2,
The Right And The Good,Halachah,56,,
Lishmor V'Laasos,Halachah,56,2,
What Is The Halachah?,Halachah,56,,
Travel In Halachah,Halachah,56,,
Women And The Mitzvot,Halachah,56,,
A Treasury Of Sephardic Laws And Customs,Halachah,56,,
Sefer Mi'Mizrach Umi'Maarav,Halachah,56,,
It's A Boy,Halachah,56,,
Berachos Vol 1 (2a-30b),Artscroll Gemara,57,3,
Berachos Vol 2 (30b-64a),Artscroll Gemara,57,4,
Shabbos Vol 1 (2a-36a),Artscroll Gemara,57,2,
Shabbos Vol 2 (36b-76b),Artscroll Gemara,57,2,
Shabbos Vol 3 (76b-115a),Artscroll Gemara,57,3,
Shabbos Vol 4 (115a-157b),Artscroll Gemara,57,2,
Eruvin Vol 2 (52b-105a),Artscroll Gemara,58,1,
Pesachim Vol 1 (2a-41b),Artscroll Gemara,58,2,
Pesachim Vol 2 (42a-80b),Artscroll Gemara,58,1,
Pesachim Vol 3 (80b-121b),Artscroll Gemara,58,1,
Shekalim (2a-22b),Artscroll Gemara,58,,
Yoma Vol 1 (2a-46b),Artscroll Gemara,58,1,
Yoma Vol 2 (47a-88a),Artscroll Gemara,58,1,
Succah Vol 1 (2a-29b),Artscroll Gemara,58,2,
Succah Vol 2 (29b-56b),Artscroll Gemara,58,2,
Beitzah (2a-40b),Artscroll Gemara,58,5,
Rosh Hashanah (2a-35a),Artscroll Gemara,59,5,
Taanis (2a-31a),Artscroll Gemara,59,5,
Megillah (2a-32a),Artscroll Gemara,59,4,
Moed Katan (2a-29a),Artscroll Gemara,59,1,
Chagigah (2a-27a),Artscroll Gemara,59,2,
Yevamos Vol 1 (2a-41a),Artscroll Gemara,59,,
Yevamos Vol 2 (41a-84a),Artscroll Gemara,59,1,
Yevamos Vol 3 (84a-122b),Artscroll Gemara,60,,
Kesubos Vol 1 (2a-41b),Artscroll Gemara,60,1,
Kesubos Vol 2 (41b-77b),Artscroll Gemara,60,1,
Kesubos Vol 3 (78a-112b),Artscroll Gemara,60,,
Nedarim Vol 1 (2a-45a),Artscroll Gemara,60,,
Nedarim Vol 2 (45b-91b),Artscroll Gemara,60,,
Nazir Vol 1 (2a-34a),Artscroll Gemara,60,,
Nazir Vol 2 (34a-66b),Artscroll Gemara,60,,
Sotah Vol 1 (2a-27b),Artscroll Gemara,60,2,
Sotah Vol 2 (27b-49b),Artscroll Gemara,60,,
Gittin Vol 1 (2a-48b),Artscroll Gemara,60,1,
Gittin Vol 2 (48b-90b),Artscroll Gemara,60,,
Kiddushin Vol 1 (2a-41a),Artscroll Gemara,60,2,
Kiddushin Vol 2 (41a-82b),Artscroll Gemara,60,1,
Bava Kamma Vol 1 (2a-35b),Artscroll Gemara,60,1,
Bava Kamma Vol 2 (36a-83a),Artscroll Gemara,60,,
Bava Kamma Vol 3 (83b-119b),Artscroll Gemara,60,,
Bava Metzia Vol 1 (2a-44a),Artscroll Gemara,61,,
Bava Metzia Vol 2 (44a-83a),Artscroll Gemara,61,2,
Bava Metzia Vol 3 (83a-119a),Artscroll Gemara,61,2,
Bava Basra Vol 1 (2a-60b),Artscroll Gemara,61,2,
Bava Basra Vol 2 (61a-116b),Artscroll Gemara,61,1,
Bava Basra Vol 3 (116b-176b),Artscroll Gemara,61,1,
Sanhedrin Vol 1 (2a-42a),Artscroll Gemara,61,2,
Sanhedrin Vol 2 (42b-84a),Artscroll Gemara,61,1,
Sanhedrin Vol 3 (84b-113b),Artscroll Gemara,61,1,
Makkos (2a-24b),Artscroll Gemara,62,5,
Shevuos (2a-49b),Artscroll Gemara,62,1,
Avodah Zarah Vol 1 (2a-40b),Artscroll Gemara,62,,
Avodah Zarah Vol 2 (40b-76b),Artscroll Gemara,62,,
Horayos/Eduyos (2a-14a/2a-9b,Artscroll Gemara,62,1,
Zevachim Vol 1 (2a-36b),Artscroll Gemara,62,1,
Zevachim Vol 2 (36b-83a),Artscroll Gemara,62,1,
Zevachim Vol 3 (83a-120b),Artscroll Gemara,62,1,
Chullin Vol 1 (2a-42a),Artscroll Gemara,62,1,
לימוד יומי 1-13 missing 8,,63,,
Living Each Day,,63,,
Growing Each Day,,63,,
Berachos Vol 1 (2a-30b),Artscroll Gemara,64,,
Shabbos Vol 1 (2a-36a),Artscroll Gemara,64,,
Shabbos Vol 2 (36b-76b),Artscroll Gemara,64,,
Shabbos Vol 3 (76b-115a),Artscroll Gemara,64,,
Shabbos Vol 4 (115a-157b),Artscroll Gemara,64,,
Pesachim Vol 1 (2a-41b),Artscroll Gemara,64,,
Moed Katan (2a-29a),Artscroll Gemara,64,,
Kesubos Vol 1 (2a-41b),Artscroll Gemara,64,,
Nedarim Vol 1 (2a-45a),Artscroll Gemara,64,,
Sotah Vol 1 (2a-27b),Artscroll Gemara,64,,
Gittin Vol 2 (48b-90b),Artscroll Gemara,64,,
Kiddushin Vol 1 (2a-41a),Artscroll Gemara,64,,
Kiddushin Vol 2 (41a-82b),Artscroll Gemara,64,,
Bava Kamma Vol 1 (2a-35b),Artscroll Gemara,64,,
Sanhedrin Vol 1 (2a-42a),Artscroll Gemara,65,,
Sanhedrin Vol 2 (42b-84a),Artscroll Gemara,65,,
Sanhedrin Vol 3 (84b-113b),Artscroll Gemara,65,,
Arachin (2a-34a),Artscroll Gemara,65,,
תלמודו בידו,Gemara Aid,66,3,
מילון ארמי עברי,Gemara Aid,66,,
Jastrow Dictionary,Gemara Aid,66,2,
Aramaic Hebrew English Dictionary,Gemara Aid,66,3,
דיקא נמי,Gemara Aid,66,,
The Practical Talmud Dictionary,Gemara Aid,66,3,
The Secrets Of Hebrew Words,Gemara Aid,67,,
Tosfos On Masechet Berachot,Gemara Aid,67,,
Who's Who In The Talmud,Gemara Aid,67,,
Tools For Tosfot,Gemara Aid,67,2,
Kerem Yehoshua,Gemara Aid,67,2,
Yedias HaTorah,Gemara Aid,67,,
שם גדולים,Gemara Aid,67,,
The Book Of Logic,Gemara Aid,67,2,
אוצר ראשי תיבות,Gemara Aid,67,3,
Understanding the Talmud,Gemara Aid,67,2,
אנציקלופדיה לחכמי התלמוד והגאונים,Gemara Aid,67,,
Grammer For Gemara,Gemara Aid,67,,
Reading The Talmud,Gemara Aid,67,,
קובץ ראשי תבות,Gemara Aid,67,,
HaYesod,Gemara Aid,67,,
Grow With Gemara,Gemara Aid,67,,
Aiding Talmud Study,Gemara Aid,67,4,